1130;wsupl468774458249917103.msg;BIOS LINE apertura cliente + codici prodotto_310817 .msg
1131;wsupl3902474768362803245.msg;CLIENTE BIOS LINE INDICAZIONI_220118.msg
1153;wsupl962728395004800308.msg;BIOS LINE apertura cliente + codici prodotto_310817 .msg
1154;wsupl8252370997940298828.msg;CLIENTE BIOS LINE INDICAZIONI_220118.msg
1385;wsupl5432787952057268472.xls;Indice PQL PCK.xls
1475;wsupl6244760877350151237.msg;BIOS LINE apertura cliente + codici prodotto_310817 .msg
1476;wsupl7185952397102615491.msg;CLIENTE BIOS LINE INDICAZIONI_220118.msg
2306;wsupl1836275531992634488.pdf;GDSMCODEO002.pdf
2427;wsupl7673032463310437728.pdf;DeoLavastoviglieFresco.pdf
2464;wsupl7503545345492654818.pdf;DeoLavastoviglieFresco.pdf
3281;wsupl8959953396305153297.pdf;Astuccio_P0022524.pdf
4297;wsupl6390192618898657117.xls;DEORL010-01.xls
4904;wsupl4012303727897433785;doclib
4906;wsupl971025096296137693;doclib
